Model,Dataset,Seed,No_crossvalidation,Time training,Train Accuracy,Train Accuracy Rule Number,Test Accuracy,Test Accuracy Rule Number,Train F1,Train F1 Rule Number,Test F1,Test F1 Rule Number,Number of Rules
Ender_Gradient,haberman,42,-,0.76911301612854,0.8088156574105051,,0.7646218931782125,,0.5425419236601531,,0.42145915678524376,,100
Ender_Newton-Raphson,haberman,42,-,0.7829193115234375,0.8055637336901974,,0.7645690111052355,,0.5465608171153635,,0.38820512820512826,,100
Ender_Gradient,breast-c,42,-,11.217659759521485,0.8304259557189917,,0.7588021778584393,,0.6643868401933487,,0.4549287856071964,,100
Ender_Newton-Raphson,breast-c,42,-,10.078753995895386,0.836531831762813,,0.7622504537205081,,0.6818950167516687,,0.4805194805194805,,100
Ender_Gradient,spambase,42,-,859.5885767936707,0.9731037023256913,,0.952837180758155,,0.965784646573993,,0.9398746711396413,,100
