Model,Dataset,Seed,No_crossvalidation,Time training,Train Accuracy,Train Accuracy Rule Number,Test Accuracy,Test Accuracy Rule Number,Train F1,Train F1 Rule Number,Test F1,Test F1 Rule Number,Number of Rules
Ender_Gradient,haberman,42,-,0.8213738441467285,0.8071930411508866,,0.7710735060814384,,0.5327955124873353,,0.4122420357420357,,100
Ender_Newton-Raphson,haberman,42,-,0.767918872833252,0.8153730344596856,,0.7581702802749867,,0.5607914599556285,,0.39737049424005944,,100
Ender_Gradient,breast-c,42,-,10.569432401657105,0.8374051942082279,,0.7691470054446461,,0.6790893838794887,,0.47817756354797514,,100
Ender_Newton-Raphson,breast-c,42,-,10.424119424819946,0.8330345514441125,,0.7832425892317,,0.6692750644774632,,0.5418310527276043,,100
Ender_Gradient,spambase,42,-,857.6479408264161,0.9735929213469874,,0.9500115658782986,,0.9663986053560848,,0.9361005614118181,,100
Ender_Newton-Raphson,spambase,42,-,413.5034508228302,0.9732125899153112,,0.9550108577633007,,0.9658710463673963,,0.9423787081749669,,100
