Model,Dataset,Seed,No_crossvalidation,Time training,Train Accuracy,Train Accuracy Rule Number,Test Accuracy,Test Accuracy Rule Number,Train F1,Train F1 Rule Number,Test F1,Test F1 Rule Number,Number of Rules
XGBoost,haberman,42,1,0.9081599712371826,0.9754098360655737,,0.7096774193548387,,0.9508196721311475,,0.35714285714285715,,
XGBoost,haberman,42,2,0.8701601028442383,0.9836734693877551,,0.5901639344262295,,0.9682539682539683,,0.1935483870967742,,
XGBoost,haberman,42,3,0.839160680770874,0.9795918367346939,,0.6721311475409836,,0.9606299212598425,,0.3333333333333333,,
XGBoost,haberman,42,4,0.8631587028503418,0.9795918367346939,,0.6885245901639344,,0.9606299212598425,,0.24,,
XGBoost,haberman,42,5,0.8661613464355469,0.9755102040816327,,0.5901639344262295,,0.9538461538461539,,0.2857142857142857,,
