Model,Dataset,Seed,No_crossvalidation,Time training,Train Accuracy,Train Accuracy Rule Number,Test Accuracy,Test Accuracy Rule Number,Train F1,Train F1 Rule Number,Test F1,Test F1 Rule Number,Number of Rules
Ender_Gradient,haberman,42,1,1.080824851989746,0.8360655737704918,90,0.8225806451612904,47,0.6,90,0.6206896551724138,47,100
Ender_Gradient,haberman,42,2,1.0858049392700195,0.8081632653061225,68,0.7704918032786885,7,0.5523809523809524,75,0.38461538461538464,99,100
Ender_Gradient,haberman,42,3,1.171067714691162,0.8122448979591836,88,0.7868852459016393,87,0.5490196078431373,88,0.5517241379310345,87,100
Ender_Gradient,haberman,42,4,1.1561055183410645,0.8040816326530612,50,0.7704918032786885,6,0.5585585585585585,72,0.2857142857142857,12,100
Ender_Gradient,haberman,42,5,1.1633121967315674,0.8122448979591836,98,0.7704918032786885,5,0.5490196078431373,98,0.34782608695652173,13,100
